shr3,00000001,00042021
shr3,00000002,00084042
shr3,00000004,00108084
shr3,00000008,00210108
shr3,00000010,00420231
shr3,00000020,00840462
shr3,00000040,010808c4
shr3,00000080,02101188
shr3,00000100,04202310
shr3,00000200,08404620
shr3,00000400,10808c40
shr3,00000800,21011880
shr3,00001000,42023100
shr3,00002000,84046200
shr3,00004000,0808c400
shr3,00008000,10118800
shr3,00010000,20231000
shr3,00020000,40462021
shr3,00040000,808c4042
shr3,00080000,01080084
shr3,00100000,02100108
shr3,00200000,04200210
shr3,00400000,08400420
shr3,00800000,10800840
shr3,01000000,21001080
shr3,02000000,42002100
shr3,04000000,84004200
shr3,08000000,08008400
shr3,10000000,10010800
shr3,20000000,20021000
shr3,40000000,40042000
shr3,80000000,80084000
shr3,00000000,00000000
shr3,ffffffff,0003e01f
shr3,12345678,87985aa5
shr3,deadbeef,477d20b7
shr3,a5a5a5a5,3330a88d
shr3,5a5a5a5a,33334892
shr3,80000001,800c6021
shr3,01010101,050703b1
