xorrot32_default,00000001,18000603
xorrot32_bad1,00000001,28000a05
xorrot32_bad2,00000001,018000c3
xorrot32_default,00000002,30000c06
xorrot32_bad1,00000002,5000140a
xorrot32_bad2,00000002,03000186
xorrot32_default,00000004,6000180c
xorrot32_bad1,00000004,a0002814
xorrot32_bad2,00000004,0600030c
xorrot32_default,00000008,c0003018
xorrot32_bad1,00000008,40005029
xorrot32_bad2,00000008,0c000618
xorrot32_default,00000010,80006031
xorrot32_bad1,00000010,8000a052
xorrot32_bad2,00000010,18000c30
xorrot32_default,00000020,0000c063
xorrot32_bad1,00000020,000140a5
xorrot32_bad2,00000020,30001860
xorrot32_default,00000040,000180c6
xorrot32_bad1,00000040,0002814a
xorrot32_bad2,00000040,600030c0
xorrot32_default,00000080,0003018c
xorrot32_bad1,00000080,00050294
xorrot32_bad2,00000080,c0006180
xorrot32_default,00000100,00060318
xorrot32_bad1,00000100,000a0528
xorrot32_bad2,00000100,8000c301
xorrot32_default,00000200,000c0630
xorrot32_bad1,00000200,00140a50
xorrot32_bad2,00000200,00018603
xorrot32_default,00000400,00180c60
xorrot32_bad1,00000400,002814a0
xorrot32_bad2,00000400,00030c06
xorrot32_default,00000800,003018c0
xorrot32_bad1,00000800,00502940
xorrot32_bad2,00000800,0006180c
xorrot32_default,00001000,00603180
xorrot32_bad1,00001000,00a05280
xorrot32_bad2,00001000,000c3018
xorrot32_default,00002000,00c06300
xorrot32_bad1,00002000,0140a500
xorrot32_bad2,00002000,00186030
xorrot32_default,00004000,0180c600
xorrot32_bad1,00004000,02814a00
xorrot32_bad2,00004000,0030c060
xorrot32_default,00008000,03018c00
xorrot32_bad1,00008000,05029400
xorrot32_bad2,00008000,006180c0
xorrot32_default,00010000,06031800
xorrot32_bad1,00010000,0a052800
xorrot32_bad2,00010000,00c30180
xorrot32_default,00020000,0c063000
xorrot32_bad1,00020000,140a5000
xorrot32_bad2,00020000,01860300
xorrot32_default,00040000,180c6000
xorrot32_bad1,00040000,2814a000
xorrot32_bad2,00040000,030c0600
xorrot32_default,00080000,3018c000
xorrot32_bad1,00080000,50294000
xorrot32_bad2,00080000,06180c00
xorrot32_default,00100000,60318000
xorrot32_bad1,00100000,a0528000
xorrot32_bad2,00100000,0c301800
xorrot32_default,00200000,c0630000
xorrot32_bad1,00200000,40a50001
xorrot32_bad2,00200000,18603000
xorrot32_default,00400000,80c60001
xorrot32_bad1,00400000,814a0002
xorrot32_bad2,00400000,30c06000
xorrot32_default,00800000,018c0003
xorrot32_bad1,00800000,02940005
xorrot32_bad2,00800000,6180c000
xorrot32_default,01000000,03180006
xorrot32_bad1,01000000,0528000a
xorrot32_bad2,01000000,c3018000
xorrot32_default,02000000,0630000c
xorrot32_bad1,02000000,0a500014
xorrot32_bad2,02000000,86030001
xorrot32_default,04000000,0c600018
xorrot32_bad1,04000000,14a00028
xorrot32_bad2,04000000,0c060003
xorrot32_default,08000000,18c00030
xorrot32_bad1,08000000,29400050
xorrot32_bad2,08000000,180c0006
xorrot32_default,10000000,31800060
xorrot32_bad1,10000000,528000a0
xorrot32_bad2,10000000,3018000c
xorrot32_default,20000000,630000c0
xorrot32_bad1,20000000,a5000140
xorrot32_bad2,20000000,60300018
xorrot32_default,40000000,c6000180
xorrot32_bad1,40000000,42000080
xorrot32_bad2,40000000,c0600030
xorrot32_default,80000000,84000100
xorrot32_bad1,80000000,84000100
xorrot32_bad2,80000000,80400020
xorrot32_default,00000000,00000000
xorrot32_bad1,00000000,00000000
xorrot32_bad2,00000000,00000000
xorrot32_default,ffffffff,08000201
xorrot32_bad1,ffffffff,18000603
xorrot32_bad2,ffffffff,00800041
xorrot32_default,12345678,ce1b0d30
xorrot32_bad1,12345678,522d1751
xorrot32_bad2,12345678,e57976f8
xorrot32_default,deadbeef,056f17ef
xorrot32_bad1,deadbeef,0fb13831
xorrot32_bad2,deadbeef,06f7f408
xorrot32_default,a5a5a5a5,4c444645
xorrot32_bad1,a5a5a5a5,dcccc8ce
xorrot32_bad2,a5a5a5a5,22a22263
xorrot32_default,5a5a5a5a,44444444
xorrot32_bad1,5a5a5a5a,c4cccecd
xorrot32_bad2,5a5a5a5a,22222222
xorrot32_default,80000001,9c000703
xorrot32_bad1,80000001,ac000b05
xorrot32_bad2,80000001,81c000e3
xorrot32_default,01010101,1d1d1d1d
xorrot32_bad1,01010101,27272727
xorrot32_bad2,01010101,42424242
